chain,residue_name,residue_number,residue_label,x,y,z,min_distance
A,GLN,1,GLN_1,29.618,16.547,52.145,42.86000061035156
A,SER,2,SER_2,28.276,15.365,48.782,39.79999923706055
A,GLU,3,GLU_3,28.748,18.132,46.216,38.27000045776367
A,PRO,4,PRO_4,26.42,18.857,43.258,34.779998779296875
A,GLU,5,GLU_5,27.614,17.176,40.051,35.41999816894531
A,LEU,6,LEU_6,25.932,19.841,37.888,31.950000762939453
A,LYS,7,LYS_7,26.458,23.617,37.86,30.540000915527344
A,LEU,8,LEU_8,23.783,26.02,36.542,25.31999969482422
A,GLU,9,GLU_9,25.29,28.21,33.817,27.200000762939453
A,SER,10,SER_10,22.259,29.822,32.17,23.5
A,VAL,11,VAL_11,18.526,30.351,32.686,19.850000381469727
A,VAL,12,VAL_12,15.819,31.362,30.21,16.639999389648438
A,ILE,13,ILE_13,12.304,32.053,31.444,13.220000267028809
A,VAL,14,VAL_14,9.355,32.438,29.095,10.0600004196167
A,SER,15,SER_15,6.603,33.927,31.22,7.230000019073486
A,ARG,16,ARG_16,2.959,34.621,30.6,2.8399999141693115
A,ALA,17,ALA_17,1.75,38.029,31.75,4.849999904632568
A,GLY,18,GLY_18,0.308,38.209,35.25,6.079999923706055
A,VAL,19,VAL_19,-3.243,38.671,36.477,7.840000152587891
A,ARG,20,ARG_20,-5.099,41.192,34.333,2.7300000190734863
A,ALA,21,ALA_21,-8.606,42.508,33.705,6.96999979019165
A,PRO,22,PRO_22,-10.511,40.669,30.935,5.519999980926514
A,THR,23,THR_23,-9.511,41.907,27.468,2.5799999237060547
A,LYS,24,LYS_24,-13.069,42.625,26.354,2.940000057220459
A,ALA,25,ALA_25,-16.627,43.336,27.466,8.289999961853027
A,THR,26,THR_26,-18.9,42.433,24.577,7.96999979019165
A,GLN,27,GLN_27,-22.686,42.251,24.278,12.020000457763672
A,LEU,28,LEU_28,-22.528,38.463,23.903,10.699999809265137
A,MET,29,MET_29,-20.765,38.281,27.275,7.510000228881836
A,GLN,30,GLN_30,-23.729,40.042,28.856,13.0600004196167
A,ASP,31,ASP_31,-26.356,38.092,26.935,15.149999618530273
A,VAL,32,VAL_32,-25.244,34.699,28.322,12.9399995803833
A,THR,33,THR_33,-25.922,35.727,31.902,15.329999923706055
A,PRO,34,PRO_34,-28.685,37.69,33.654,19.260000228881836
A,ASP,35,ASP_35,-26.08,38.785,36.195,17.670000076293945
A,ALA,36,ALA_36,-23.611,41.644,35.919,16.68000030517578
A,TRP,37,TRP_37,-19.899,41.101,35.451,11.010000228881836
A,PRO,38,PRO_38,-17.84,42.521,38.325,13.569999694824219
A,THR,39,THR_39,-15.78,45.543,37.252,14.930000305175781
A,TRP,40,TRP_40,-11.985,45.62,37.447,11.079999923706055
A,PRO,41,PRO_41,-9.585,48.248,38.945,15.239999771118164
A,VAL,42,VAL_42,-7.682,48.737,35.668,12.0600004196167
A,LYS,43,LYS_43,-8.454,49.087,31.961,10.699999809265137
A,LEU,44,LEU_44,-9.392,46.028,29.922,8.010000228881836
A,GLY,45,GLY_45,-6.38,43.78,29.278,6.650000095367432
A,TRP,46,TRP_46,-4.096,45.642,31.72,8.489999771118164
A,LEU,47,LEU_47,-2.07,44.215,34.594,8.6899995803833
A,THR,48,THR_48,-3.641,44.861,37.994,10.949999809265137
A,PRO,49,PRO_49,-1.365,45.932,40.854,14.4399995803833
A,ARG,50,ARG_50,-2.114,42.607,42.545,13.9399995803833
A,GLY,51,GLY_51,-1.009,40.873,39.356,11.65999984741211
A,GLY,52,GLY_52,2.255,42.773,39.554,12.920000076293945
A,GLU,53,GLU_53,2.715,41.772,43.176,15.369999885559082
A,LEU,54,LEU_54,2.121,38.118,42.278,13.300000190734863
A,ILE,55,ILE_55,4.756,38.363,39.526,10.489999771118164
A,ALA,56,ALA_56,7.033,40.192,41.986,15.8100004196167
A,TYR,57,TYR_57,6.772,37.191,44.316,17.709999084472656
A,LEU,58,LEU_58,8.009,34.865,41.563,13.149999618530273
A,GLY,59,GLY_59,10.776,37.36,40.928,17.290000915527344
A,HIS,60,HIS_60,11.675,37.217,44.627,19.989999771118164
A,TYR,61,TYR_61,11.554,33.413,44.582,19.989999771118164
A,GLN,62,GLN_62,13.733,33.154,41.463,17.56999969482422
A,ARG,63,ARG_63,16.346,35.442,43.022,22.18000030517578
A,GLN,64,GLN_64,16.641,33.152,46.074,24.65999984741211
A,ARG,65,ARG_65,16.59,30.075,43.871,20.920000076293945
A,LEU,66,LEU_66,19.295,31.36,41.505,22.139999389648438
A,VAL,67,VAL_67,21.464,32.478,44.444,27.110000610351562
A,ALA,68,ALA_68,21.457,28.968,45.951,29.06999969482422
A,ASP,69,ASP_69,22.545,27.652,42.537,26.1299991607666
A,GLY,70,GLY_70,25.252,30.299,42.515,30.229999542236328
A,LEU,71,LEU_71,24.192,31.958,39.267,25.09000015258789
A,LEU,72,LEU_72,23.367,35.298,40.923,24.420000076293945
A,ALA,73,ALA_73,25.07,37.018,43.872,29.6200008392334
A,LYS,74,LYS_74,23.058,37.098,47.104,30.6299991607666
A,LYS,75,LYS_75,23.653,40.803,47.685,32.16999816894531
A,GLY,76,GLY_76,23.533,43.887,45.471,29.489999771118164
A,CYS,77,CYS_77,22.352,44.475,41.921,28.93000030517578
A,PRO,78,PRO_78,23.303,41.939,39.249,25.90999984741211
A,GLN,79,GLN_79,26.274,42.934,37.096,28.030000686645508
A,SER,80,SER_80,25.642,44.851,33.884,28.389999389648438
A,GLY,81,GLY_81,23.764,42.576,31.49,25.329999923706055
A,GLN,82,GLN_82,23.878,39.576,33.836,24.479999542236328
A,VAL,83,VAL_83,20.077,39.807,33.792,21.139999389648438
A,ALA,84,ALA_84,18.208,40.657,30.578,18.510000228881836
A,ILE,85,ILE_85,14.446,41.176,30.304,15.220000267028809
A,ILE,86,ILE_86,12.423,41.263,27.085,12.489999771118164
A,ALA,87,ALA_87,8.706,41.984,26.835,10.859999656677246
A,ASP,88,ASP_88,6.01,42.129,24.199,5.179999828338623
A,VAL,89,VAL_89,4.75,45.661,23.513,8.0600004196167
A,ASP,90,ASP_90,1.501,45.078,25.431,3.5799999237060547
A,GLU,91,GLU_91,0.999,47.077,28.626,8.15999984741211
A,ARG,92,ARG_92,0.531,43.88,30.633,2.7899999618530273
A,THR,93,THR_93,3.719,42.219,29.374,5.579999923706055
A,ARG,94,ARG_94,5.78,45.391,29.825,9.579999923706055
A,LYS,95,LYS_95,4.481,45.672,33.392,11.170000076293945
A,THR,96,THR_96,5.068,41.957,34.026,8.449999809265137
A,GLY,97,GLY_97,8.708,42.397,33.045,11.760000228881836
A,GLU,98,GLU_98,8.879,45.371,35.412,14.220000267028809
A,ALA,99,ALA_99,7.202,43.483,38.271,14.420000076293945
A,PHE,100,PHE_100,9.626,40.576,37.819,14.920000076293945
A,ALA,101,ALA_101,12.682,42.836,37.891,17.40999984741211
A,ALA,102,ALA_102,11.345,44.602,40.992,19.34000015258789
A,GLY,103,GLY_103,10.977,41.28,42.77,19.93000030517578
A,LEU,104,LEU_104,14.249,39.855,41.459,20.59000015258789
A,ALA,105,ALA_105,16.391,42.856,42.428,22.90999984741211
A,PRO,106,PRO_106,14.448,45.627,44.201,24.65999984741211
A,ASP,107,ASP_107,15.522,49.193,43.425,25.520000457763672
A,CYS,108,CYS_108,18.02,47.93,40.834,25.440000534057617
A,ALA,109,ALA_109,16.158,49.277,37.811,23.3700008392334
A,ILE,110,ILE_110,16.791,46.422,35.382,20.100000381469727
A,THR,111,THR_111,15.669,47.611,31.956,19.059999465942383
A,VAL,112,VAL_112,12.683,45.926,30.331,14.460000038146973
A,HIS,113,HIS_113,13.489,45.933,26.603,15.069999694824219
A,THR,114,THR_114,10.717,45.761,23.994,13.350000381469727
A,GLN,115,GLN_115,10.458,46.226,20.247,12.3100004196167
A,THR,116,THR_116,11.146,49.914,19.507,16.15999984741211
A,ASP,117,ASP_117,7.866,50.492,17.653,13.0600004196167
A,THR,118,THR_118,5.32,50.033,20.449,11.039999961853027
A,SER,119,SER_119,2.28,50.785,18.265,10.970000267028809
A,SER,120,SER_120,2.957,47.769,16.063,9.970000267028809
A,PRO,121,PRO_121,2.945,44.111,17.118,7.579999923706055
A,ASP,122,ASP_122,6.228,42.294,17.78,9.050000190734863
A,PRO,123,PRO_123,6.719,39.281,15.462,10.729999542236328
A,LEU,124,LEU_124,8.839,37.566,18.104,10.079999923706055
A,PHE,125,PHE_125,5.582,36.735,19.874,6.28000020980835
A,ASN,126,ASN_126,3.534,35.833,16.765,5.130000114440918
A,PRO,127,PRO_127,5.165,35.861,13.292,9.770000457763672
A,LEU,128,LEU_128,1.817,34.89,11.752,9.720000267028809
A,LYS,129,LYS_129,-0.112,38.06,12.582,4.21999979019165
A,THR,130,THR_130,2.727,40.309,11.399,10.460000038146973
A,GLY,131,GLY_131,3.087,38.465,8.092,13.170000076293945
A,VAL,132,VAL_132,6.559,37.024,8.67,14.609999656677246
A,CYS,133,CYS_133,5.226,33.651,7.515,14.260000228881836
A,GLN,134,GLN_134,1.973,31.882,6.704,15.670000076293945
A,LEU,135,LEU_135,0.039,28.812,7.762,12.0600004196167
A,ASP,136,ASP_136,-0.821,26.129,5.236,17.469999313354492
A,ASN,137,ASN_137,-4.607,26.511,5.407,17.81999969482422
A,ALA,138,ALA_138,-5.462,23.066,4.04,20.610000610351562
A,ASN,139,ASN_139,-2.884,21.314,6.213,19.690000534057617
A,VAL,140,VAL_140,-3.739,23.215,9.398,14.9399995803833
A,THR,141,THR_141,-7.469,22.634,8.794,18.329999923706055
A,ASP,142,ASP_142,-6.917,18.871,8.61,20.600000381469727
A,ALA,143,ALA_143,-4.576,18.707,11.613,18.979999542236328
A,ILE,144,ILE_144,-6.962,20.597,13.908,14.130000114440918
A,LEU,145,LEU_145,-10.049,18.681,12.809,19.020000457763672
A,SER,146,SER_146,-8.105,15.457,13.19,21.049999237060547
A,ARG,147,ARG_147,-7.144,16.27,16.791,15.380000114440918
A,ALA,148,ALA_148,-10.761,17.312,17.389,18.030000686645508
A,GLY,149,GLY_149,-11.847,13.806,16.495,20.860000610351562
A,GLY,150,GLY_150,-13.08,14.761,13.052,22.56999969482422
A,SER,151,SER_151,-15.439,17.583,13.972,20.1299991607666
A,ILE,152,ILE_152,-15.902,20.399,16.452,16.110000610351562
A,ALA,153,ALA_153,-19.355,18.944,17.179,19.850000381469727
A,ASP,154,ASP_154,-17.917,15.659,18.451,20.979999542236328
A,PHE,155,PHE_155,-15.272,17.655,20.308,14.0600004196167
A,THR,156,THR_156,-17.819,19.772,22.196,15.960000038146973
A,GLY,157,GLY_157,-20.158,16.808,22.598,19.920000076293945
A,HIS,158,HIS_158,-17.496,15.165,24.749,20.15999984741211
A,ARG,159,ARG_159,-17.338,18.215,26.972,15.619999885559082
A,GLN,160,GLN_160,-21.047,18.931,27.472,19.399999618530273
A,THR,161,THR_161,-20.628,18.251,31.166,19.06999969482422
A,ALA,162,ALA_162,-18.129,21.105,31.388,15.619999885559082
A,PHE,163,PHE_163,-20.389,23.316,29.257,13.170000076293945
A,ARG,164,ARG_164,-23.385,22.649,31.523,18.190000534057617
A,GLU,165,GLU_165,-21.204,23.564,34.496,17.020000457763672
A,LEU,166,LEU_166,-20.468,26.922,32.833,11.649999618530273
A,GLU,167,GLU_167,-24.16,27.419,32.005,16.43000030517578
A,ARG,168,ARG_168,-24.945,26.758,35.669,18.75
A,VAL,169,VAL_169,-22.34,29.28,36.808,15.609999656677246
A,LEU,170,LEU_170,-23.786,31.856,34.374,13.34000015258789
A,ASN,171,ASN_171,-27.417,31.023,35.219,18.8700008392334
A,PHE,172,PHE_172,-27.643,30.724,31.452,17.15999984741211
A,PRO,173,PRO_173,-31.296,29.578,31.462,21.3700008392334
A,GLN,174,GLN_174,-32.35,33.043,32.685,22.440000534057617
A,SER,175,SER_175,-30.203,34.938,30.17,19.190000534057617
A,ASN,176,ASN_176,-31.342,37.161,27.339,20.549999237060547
A,LEU,177,LEU_177,-29.78,34.74,24.858,16.420000076293945
A,CYS,178,CYS_178,-32.038,31.981,26.202,20.959999084472656
A,LEU,179,LEU_179,-35.238,33.938,26.727,23.790000915527344
A,LYS,180,LYS_180,-35.182,35.713,23.345,23.610000610351562
A,ARG,181,ARG_181,-34.507,32.424,21.535,24.010000228881836
A,GLU,182,GLU_182,-37.231,31.375,19.062,26.309999465942383
A,LYS,183,LYS_183,-36.69,27.619,18.881,22.799999237060547
A,GLN,184,GLN_184,-37.831,27.234,22.485,28.290000915527344
A,ASP,185,ASP_185,-38.965,23.706,21.699,30.31999969482422
A,GLU,186,GLU_186,-35.595,22.431,22.968,27.100000381469727
A,SER,187,SER_187,-33.699,23.31,26.152,24.489999771118164
A,CYS,188,CYS_188,-31.322,26.273,26.059,21.43000030517578
A,SER,189,SER_189,-27.73,25.243,25.286,18.8799991607666
A,LEU,190,LEU_190,-24.508,27.235,24.797,13.9399995803833
A,THR,191,THR_191,-23.136,24.907,22.139,16.479999542236328
A,GLN,192,GLN_192,-26.479,24.766,20.324,18.979999542236328
A,ALA,193,ALA_193,-27.182,28.509,20.551,17.84000015258789
A,LEU,194,LEU_194,-23.649,29.325,19.38,13.289999961853027
A,PRO,195,PRO_195,-22.424,26.673,16.947,15.350000381469727
A,SER,196,SER_196,-18.615,26.55,16.909,13.739999771118164
A,GLU,197,GLU_197,-16.837,26.615,13.549,12.960000038146973
A,LEU,198,LEU_198,-13.16,26.297,12.7,13.739999771118164
A,LYS,199,LYS_199,-11.782,29.328,10.898,12.260000228881836
A,VAL,200,VAL_200,-8.337,29.13,9.319,14.210000038146973
A,SER,201,SER_201,-6.43,31.773,7.364,12.399999618530273
A,ALA,202,ALA_202,-2.805,32.424,6.431,13.59000015258789
A,ASP,203,ASP_203,-2.234,34.579,9.502,9.369999885559082
A,ASN,204,ASN_204,-4.614,33.132,12.068,6.940000057220459
A,VAL,205,VAL_205,-6.833,30.33,13.347,8.210000038146973
A,SER,206,SER_206,-9.915,30.512,15.543,7.869999885559082
A,LEU,207,LEU_207,-12.987,28.764,16.896,8.5600004196167
A,THR,208,THR_208,-16.234,30.738,16.817,10.5600004196167
A,GLY,209,GLY_209,-19.257,30.163,19.025,10.289999961853027
A,ALA,210,ALA_210,-19.427,28.492,22.41,10.25
A,VAL,211,VAL_211,-15.896,27.106,22.273,8.350000381469727
A,SER,212,SER_212,-14.13,30.457,22.194,5.329999923706055
A,LEU,213,LEU_213,-16.7,32.081,24.504,6.679999828338623
A,ALA,214,ALA_214,-16.41,29.298,27.094,7.71999979019165
A,SER,215,SER_215,-12.614,29.465,26.9,4.539999961853027
A,MET,216,MET_216,-12.663,33.206,27.583,3.0199999809265137
A,LEU,217,LEU_217,-15.342,33.142,30.29,6.0
A,THR,218,THR_218,-13.692,30.398,32.329,7.360000133514404
A,GLU,219,GLU_219,-10.376,32.231,32.163,3.740000009536743
A,ILE,220,ILE_220,-12.156,35.347,33.476,6.269999980926514
A,PHE,221,PHE_221,-13.557,33.335,36.4,9.069999694824219
A,LEU,222,LEU_222,-9.958,32.191,37.092,7.610000133514404
A,LEU,223,LEU_223,-8.833,35.826,36.856,6.460000038146973
A,GLN,224,GLN_224,-11.499,36.953,39.336,11.289999961853027
A,GLN,225,GLN_225,-10.333,34.255,41.747,13.3100004196167
A,ALA,226,ALA_226,-6.628,35.124,41.402,11.869999885559082
A,GLN,227,GLN_227,-7.441,38.843,41.659,12.890000343322754
A,GLY,228,GLY_228,-9.027,38.125,45.017,15.859999656677246
A,MET,229,MET_229,-12.511,39.293,44.093,14.770000457763672
A,PRO,230,PRO_230,-15.218,38.43,46.707,19.920000076293945
A,GLU,231,GLU_231,-17.262,35.904,44.752,18.06999969482422
A,PRO,232,PRO_232,-15.944,34.7,41.367,15.300000190734863
A,GLY,233,GLY_233,-18.69,33.389,39.099,15.289999961853027
A,TRP,234,TRP_234,-21.192,35.168,41.341,14.869999885559082
A,GLY,235,GLY_235,-20.426,32.775,44.181,19.700000762939453
A,ARG,236,ARG_236,-21.458,29.763,42.082,19.520000457763672
A,ILE,237,ILE_237,-17.971,28.229,42.018,14.630000114440918
A,THR,238,THR_238,-17.461,26.438,45.319,20.399999618530273
A,ASP,239,ASP_239,-14.91,23.608,44.929,19.290000915527344
A,SER,240,SER_240,-11.744,22.433,43.168,18.049999237060547
A,HIS,241,HIS_241,-13.673,20.004,40.973,18.5
A,GLN,242,GLN_242,-15.779,22.84,39.562,15.800000190734863
A,TRP,243,TRP_243,-12.681,24.897,38.868,12.930000305175781
A,ASN,244,ASN_244,-11.14,22.064,36.874,14.390000343322754
A,THR,245,THR_245,-14.329,21.322,34.984,14.180000305175781
A,LEU,246,LEU_246,-14.664,24.975,34.019,11.0
A,LEU,247,LEU_247,-11.067,25.554,32.995,8.289999961853027
A,SER,248,SER_248,-10.927,22.331,30.983,11.850000381469727
A,LEU,249,LEU_249,-12.948,24.291,28.421,9.359999656677246
A,HIS,250,HIS_250,-10.113,26.784,28.328,3.6700000762939453
A,ASN,251,ASN_251,-7.346,24.177,28.044,8.850000381469727
A,ALA,252,ALA_252,-9.441,22.398,25.412,10.420000076293945
A,GLN,253,GLN_253,-9.355,25.391,23.078,5.320000171661377
A,PHE,254,PHE_254,-5.616,25.803,23.505,3.200000047683716
A,TYR,255,TYR_255,-5.155,22.115,22.77,10.170000076293945
A,LEU,256,LEU_256,-6.805,22.645,19.387,11.739999771118164
A,LEU,257,LEU_257,-5.505,26.052,18.299,8.6899995803833
A,GLN,258,GLN_258,-2.254,26.549,20.168,5.800000190734863
A,ARG,259,ARG_259,-0.735,23.099,20.695,11.069999694824219
A,THR,260,THR_260,-1.468,21.646,17.258,13.460000038146973
A,PRO,261,PRO_261,2.033,21.292,15.698,15.550000190734863
A,GLU,262,GLU_262,0.949,22.638,12.288,14.960000038146973
A,VAL,263,VAL_263,0.275,25.936,14.096,10.210000038146973
A,ALA,264,ALA_264,2.621,25.773,17.113,11.84000015258789
A,ARG,265,ARG_265,5.879,25.271,15.2,13.8100004196167
A,SER,266,SER_266,5.351,28.302,12.99,12.420000076293945
A,ARG,267,ARG_267,4.049,30.529,15.812,3.109999895095825
A,ALA,268,ALA_268,6.876,29.486,18.163,11.09000015258789
A,THR,269,THR_269,9.819,29.657,15.766,13.359999656677246
A,PRO,270,PRO_270,10.965,33.142,16.651,13.199999809265137
A,LEU,271,LEU_271,10.893,32.21,20.36,9.430000305175781
A,LEU,272,LEU_272,12.574,28.885,19.648,14.59000015258789
A,ASP,273,ASP_273,15.446,30.688,17.907,17.15999984741211
A,LEU,274,LEU_274,15.845,33.143,20.794,15.510000228881836
A,ILE,275,ILE_275,15.774,30.412,23.435,14.739999771118164
A,LYS,276,LYS_276,18.294,28.257,21.584,19.649999618530273
A,THR,277,THR_277,20.76,31.071,20.965,21.420000076293945
A,ALA,278,ALA_278,20.462,32.257,24.581,20.940000534057617
A,LEU,279,LEU_279,21.097,28.751,25.931,21.139999389648438
A,THR,280,THR_280,23.944,27.988,23.544,25.15999984741211
A,PRO,281,PRO_281,27.395,29.014,24.775,28.59000015258789
A,HIS,282,HIS_282,29.108,31.583,22.553,26.639999389648438
A,PRO,283,PRO_283,30.758,35.042,22.513,30.399999618530273
A,PRO,284,PRO_284,28.53,37.76,24.055,29.989999771118164
A,GLN,285,GLN_285,27.366,40.528,21.723,26.6200008392334
A,LYS,286,LYS_286,24.679,43.218,21.797,25.959999084472656
A,GLN,287,GLN_287,21.87,41.523,19.891,21.25
A,ALA,288,ALA_288,18.116,41.968,19.341,19.350000381469727
A,TYR,289,TYR_289,16.313,44.39,21.673,13.399999618530273
A,GLY,290,GLY_290,19.708,45.858,22.544,21.459999084472656
A,VAL,291,VAL_291,20.306,42.864,24.793,20.520000457763672
A,THR,292,THR_292,23.568,40.923,24.949,24.34000015258789
A,LEU,293,LEU_293,23.383,37.137,24.69,21.139999389648438
A,PRO,294,PRO_294,24.346,34.726,25.997,25.989999771118164
A,THR,295,THR_295,23.993,35.844,29.599,23.40999984741211
A,SER,296,SER_296,23.081,34.416,33.011,23.40999984741211
A,VAL,297,VAL_297,19.342,35.076,33.071,20.0
A,LEU,298,LEU_298,16.916,36.036,30.298,16.850000381469727
A,PHE,299,PHE_299,13.292,36.693,31.227,12.180000305175781
A,ILE,300,ILE_300,10.764,36.94,28.381,10.329999923706055
A,ALA,301,ALA_301,7.325,38.374,29.114,8.25
A,GLY,302,GLY_302,4.93,36.792,26.663,4.840000152587891
A,HIS,303,HIS_303,1.49,35.2,26.593,2.559999942779541
A,ASP,304,ASP_304,-0.295,31.94,27.261,2.509999990463257
A,THR,305,THR_305,-0.387,31.129,23.554,2.4800000190734863
A,ASN,306,ASN_306,3.428,31.345,23.53,4.889999866485596
A,LEU,307,LEU_307,3.724,28.773,26.324,7.340000152587891
A,ALA,308,ALA_308,1.235,26.516,24.568,8.270000457763672
A,ASN,309,ASN_309,2.962,26.969,21.166,7.0
A,LEU,310,LEU_310,6.297,26.053,22.737,10.59000015258789
A,GLY,311,GLY_311,4.757,23.026,24.427,12.4399995803833
A,GLY,312,GLY_312,3.29,21.763,21.184,13.4399995803833
A,ALA,313,ALA_313,6.46,22.465,19.206,14.5
A,LEU,314,LEU_314,8.773,20.805,21.746,15.989999771118164
A,GLU,315,GLU_315,6.337,18.021,22.58,17.899999618530273
A,LEU,316,LEU_316,6.22,19.173,26.21,16.079999923706055
A,ASN,317,ASN_317,3.023,18.126,27.986,17.530000686645508
A,TRP,318,TRP_318,2.099,19.016,31.54,11.920000076293945
A,THR,319,THR_319,-0.612,19.404,34.155,16.389999389648438
A,LEU,320,LEU_320,-0.175,21.716,37.155,12.8100004196167
A,PRO,321,PRO_321,-1.366,20.33,40.516,18.0
A,GLY,322,GLY_322,-3.33,23.101,42.196,16.020000457763672
A,GLN,323,GLN_323,-3.682,25.177,39.017,10.819999694824219
A,PRO,324,PRO_324,-6.593,24.366,36.65,11.119999885559082
A,ASP,325,ASP_325,-5.119,26.572,33.914,5.760000228881836
A,ASN,326,ASN_326,-2.247,24.815,32.089,9.680000305175781
A,THR,327,THR_327,-0.765,28.182,31.047,6.019999980926514
A,PRO,328,PRO_328,-1.748,30.379,34.04,6.980000019073486
A,PRO,329,PRO_329,-0.975,34.065,34.566,6.809999942779541
A,GLY,330,GLY_330,2.64,34.385,35.612,7.639999866485596
A,GLY,331,GLY_331,3.282,30.781,34.598,8.760000228881836
A,GLU,332,GLU_332,6.911,30.258,33.572,10.880000114440918
A,LEU,333,LEU_333,8.397,27.824,31.045,11.979999542236328
A,VAL,334,VAL_334,11.919,27.56,32.445,15.119999885559082
A,PHE,335,PHE_335,14.889,26.463,30.35,15.420000076293945
A,GLU,336,GLU_336,18.194,25.845,32.137,21.18000030517578
A,ARG,337,ARG_337,21.621,24.875,30.864,24.3799991607666
A,TRP,338,TRP_338,23.601,22.847,33.385,25.6299991607666
A,ARG,339,ARG_339,27.251,21.957,32.939,30.90999984741211
A,ARG,340,ARG_340,28.369,18.56,34.251,33.900001525878906
A,LEU,341,LEU_341,31.583,19.191,36.183,36.61000061035156
A,SER,342,SER_342,33.005,15.702,35.581,39.29999923706055
A,ASP,343,ASP_343,33.432,16.175,31.815,38.0
A,ASN,344,ASN_344,32.16,19.716,31.161,36.029998779296875
A,SER,345,SER_345,29.339,18.482,28.941,33.529998779296875
A,GLN,346,GLN_346,26.279,20.727,28.503,30.6200008392334
A,TRP,347,TRP_347,22.702,19.795,29.449,27.1200008392334
A,ILE,348,ILE_348,19.271,21.452,29.232,22.90999984741211
A,GLN,349,GLN_349,16.455,21.13,31.754,21.190000534057617
A,VAL,350,VAL_350,12.918,22.347,31.146,17.790000915527344
A,SER,351,SER_351,10.259,22.905,33.765,15.899999618530273
A,LEU,352,LEU_352,7.011,24.762,34.346,12.4399995803833
A,VAL,353,VAL_353,7.091,27.037,37.373,13.039999961853027
A,PHE,354,PHE_354,3.788,28.436,38.567,13.25
A,GLN,355,GLN_355,1.69,29.663,41.467,13.220000267028809
A,THR,356,THR_356,-1.238,27.435,42.398,15.569999694824219
A,LEU,357,LEU_357,-4.616,29.125,42.122,12.800000190734863
A,GLN,358,GLN_358,-4.766,29.334,45.931,17.059999465942383
A,GLN,359,GLN_359,-1.314,30.939,46.164,17.579999923706055
A,MET,360,MET_360,-2.764,33.627,43.877,11.550000190734863
A,ARG,361,ARG_361,-5.998,33.903,45.865,16.809999465942383
A,ASP,362,ASP_362,-4.182,34.205,49.201,19.520000457763672
A,LYS,363,LYS_363,-1.497,36.28,47.517,18.950000762939453
A,THR,364,THR_364,1.043,34.187,49.432,20.280000686645508
A,PRO,365,PRO_365,4.666,35.43,49.252,22.09000015258789
A,LEU,366,LEU_366,7.11,32.939,47.761,18.030000686645508
A,SER,367,SER_367,10.518,31.709,48.885,23.440000534057617
A,LEU,368,LEU_368,12.557,28.519,49.047,25.799999237060547
A,ASN,369,ASN_369,10.554,27.704,52.191,27.25
A,THR,370,THR_370,7.258,28.512,50.477,22.969999313354492
A,PRO,371,PRO_371,8.091,27.872,46.791,21.3700008392334
A,PRO,372,PRO_372,5.574,28.07,43.942,17.799999237060547
A,GLY,373,GLY_373,4.519,24.881,42.2,17.56999969482422
A,GLU,374,GLU_374,7.05,23.376,39.811,18.979999542236328
A,VAL,375,VAL_375,6.877,20.553,37.275,18.649999618530273
A,LYS,376,LYS_376,10.035,19.094,35.725,21.0
A,LEU,377,LEU_377,9.343,18.571,32.041,16.700000762939453
A,THR,378,THR_378,10.633,15.883,29.748,21.940000534057617
A,LEU,379,LEU_379,11.343,16.628,26.095,20.549999237060547
A,ALA,380,ALA_380,9.482,13.673,24.59,23.059999465942383
A,GLY,381,GLY_381,11.821,13.598,21.599,24.3799991607666
A,CYS,382,CYS_382,15.156,13.558,23.438,26.200000762939453
A,GLU,383,GLU_383,17.278,10.4,23.42,29.540000915527344
A,GLU,384,GLU_384,20.603,11.384,24.983,30.729999542236328
A,ARG,385,ARG_385,19.996,12.077,28.687,27.479999542236328
A,ASN,386,ASN_386,22.066,12.433,31.844,30.899999618530273
A,ALA,387,ALA_387,21.481,10.932,35.283,33.13999938964844
A,GLN,388,GLN_388,18.922,13.612,36.191,28.780000686645508
A,GLY,389,GLY_389,16.845,13.135,33.044,27.440000534057617
A,MET,390,MET_390,18.11,16.285,31.347,27.56999969482422
A,CYS,391,CYS_391,18.653,16.446,27.603,26.440000534057617
A,SER,392,SER_392,22.109,17.045,26.134,27.850000381469727
A,LEU,393,LEU_393,22.661,20.416,24.482,27.079999923706055
A,ALA,394,ALA_394,23.193,18.637,21.173,28.350000381469727
A,GLY,395,GLY_395,19.942,16.717,21.644,26.170000076293945
A,PHE,396,PHE_396,18.029,19.863,22.539,20.43000030517578
A,THR,397,THR_397,19.579,21.725,19.592,24.709999084472656
A,GLN,398,GLN_398,18.452,18.893,17.3,24.780000686645508
A,ILE,399,ILE_399,14.924,19.045,18.687,21.649999618530273
A,VAL,400,VAL_400,14.707,22.82,18.133,20.1200008392334
A,ASN,401,ASN_401,16.214,22.681,14.635,22.68000030517578
A,GLU,402,GLU_402,13.736,20.031,13.514,22.139999389648438
A,ALA,403,ALA_403,10.761,21.774,15.169,18.459999084472656
A,ARG,404,ARG_404,11.332,25.341,13.981,18.610000610351562
A,ILE,405,ILE_405,10.002,26.51,10.641,17.3700008392334
A,PRO,406,PRO_406,12.813,28.357,8.795,20.31999969482422
A,ALA,407,ALA_407,10.31,30.458,6.855,18.3799991607666
A,CYS,408,CYS_408,9.105,31.825,10.212,15.300000190734863
A,SER,409,SER_409,12.459,32.892,11.673,17.709999084472656
A,LEU,410,LEU_410,12.907,36.641,12.17,14.979999542236328
IHP,IHP,0,IHP_C1,-5.106,38.415,23.723,0.0
IHP,IHP,1,IHP_C2,-4.019,37.47,24.351,0.0
IHP,IHP,2,IHP_C3,-4.512,36.873,25.728,0.0
IHP,IHP,3,IHP_C4,-5.876,36.079,25.537,0.0
IHP,IHP,4,IHP_C5,-6.942,36.95,24.785,0.0
IHP,IHP,5,IHP_C6,-6.39,37.585,23.484,0.0
IHP,IHP,6,IHP_O11,-4.648,38.954,22.462,0.0
IHP,IHP,7,IHP_P1,-3.703,40.242,22.389,0.0
IHP,IHP,8,IHP_O21,-4.188,41.303,23.485,0.0
IHP,IHP,9,IHP_O31,-3.803,40.83,21.018,0.0
IHP,IHP,10,IHP_O41,-2.177,39.89,22.69,0.0
IHP,IHP,11,IHP_O12,-3.741,36.367,23.459,0.0
IHP,IHP,12,IHP_P2,-2.315,36.168,22.727,0.0
IHP,IHP,13,IHP_O22,-2.517,35.889,21.167,0.0
IHP,IHP,14,IHP_O32,-1.436,37.368,22.891,0.0
IHP,IHP,15,IHP_O42,-1.571,34.92,23.36,0.0
IHP,IHP,16,IHP_O13,-3.502,36.011,26.27,0.0
IHP,IHP,17,IHP_P3,-2.591,36.537,27.508,0.0
IHP,IHP,18,IHP_O23,-3.44,36.869,28.679,0.0
IHP,IHP,19,IHP_O33,-1.784,37.834,27.08,0.0
IHP,IHP,20,IHP_O43,-1.565,35.395,27.911,0.0
IHP,IHP,21,IHP_O14,-6.442,35.708,26.802,0.0
IHP,IHP,22,IHP_P4,-6.835,34.16,27.057,0.0
IHP,IHP,23,IHP_O24,-6.079,33.68,28.246,0.0
IHP,IHP,24,IHP_O34,-6.534,33.202,25.825,0.0
IHP,IHP,25,IHP_O44,-8.387,34.078,27.398,0.0
IHP,IHP,26,IHP_O15,-8.101,36.182,24.419,0.0
IHP,IHP,27,IHP_P5,-9.535,36.483,25.074,0.0
IHP,IHP,28,IHP_O25,-9.438,37.494,26.166,0.0
IHP,IHP,29,IHP_O35,-10.525,36.986,23.93,0.0
IHP,IHP,30,IHP_O45,-10.108,35.129,25.691,0.0
IHP,IHP,31,IHP_O16,-7.441,38.394,22.912,0.0
IHP,IHP,32,IHP_P6,-8.026,38.061,21.462,0.0
IHP,IHP,33,IHP_O26,-8.878,39.308,20.955,0.0
IHP,IHP,34,IHP_O36,-8.984,36.786,21.536,0.0
IHP,IHP,35,IHP_O46,-6.915,37.796,20.502,0.0
